{
    "four_4f079c9d": {
        "area": [
            160,
            135,
            560,
            270
        ],
        "properties": "thought"
    },
    "konets_25f7eb72": {
        "area": [
            640,
            360,
            320,
            225
        ],
        "properties": "thought"
    },
    "konets_30357feb": {
        "area": [
            80,
            90,
            480,
            360
        ],
        "properties": "thought"
    },
    "konets_328506ce": {
        "area": [
            80,
            135,
            560,
            405
        ],
        "properties": "thought"
    },
    "konets_3a252e36": {
        "area": [
            80,
            180,
            560,
            405
        ],
        "properties": "thought"
    },
    "konets_86f77d88": {
        "area": [
            880,
            810,
            480,
            225
        ],
        "properties": "top_left"
    },
    "konets_bfcebc83": {
        "area": [
            1200,
            315,
            560,
            315
        ]
    },
    "konets_dd6aaa5a": {
        "area": [
            800,
            180,
            640,
            270
        ]
    },
    "konets_e94943b8": {
        "area": [
            640,
            45,
            720,
            270
        ],
        "properties": "thought"
    },
    "konets_f9b7694c": {
        "properties": "thought"
    },
    "nachalo_0ec67f45": {
        "area": [
            800,
            135,
            560,
            225
        ],
        "properties": "bottom_right"
    },
    "nachalo_134035e6": {
        "area": [
            560,
            360,
            480,
            225
        ]
    },
    "nachalo_4df0e999": {
        "area": [
            1120,
            315,
            320,
            225
        ],
        "properties": "bottom_right"
    },
    "nachalo_51887f0f": {
        "area": [
            1200,
            360,
            560,
            270
        ]
    },
    "nachalo_5fdc1004": {
        "area": [
            960,
            810,
            480,
            225
        ],
        "properties": "top_left"
    },
    "nachalo_a3346d32": {
        "area": [
            320,
            810,
            320,
            180
        ],
        "properties": "top_left"
    },
    "nachalo_b37e2839": {
        "area": [
            1200,
            405,
            560,
            225
        ],
        "properties": "bottom_left"
    },
    "nachalo_f4adb6a2": {
        "area": [
            1280,
            405,
            400,
            225
        ],
        "properties": "bottom_left"
    },
    "one_af03092a": {
        "area": [
            1200,
            90,
            560,
            315
        ],
        "properties": "thought"
    },
    "start_0ec67f45": {
        "area": [
            800,
            90,
            640,
            225
        ],
        "properties": "bottom_right"
    },
    "start_134035e6": {
        "area": [
            560,
            315,
            400,
            225
        ],
        "properties": "bottom_left"
    },
    "start_1ae0a35d": {
        "area": [
            80,
            765,
            560,
            225
        ],
        "properties": "top_right"
    },
    "start_232053bb": {
        "area": [
            1200,
            405,
            560,
            270
        ],
        "properties": "bottom_left"
    },
    "start_4df0e999": {
        "area": [
            1040,
            315,
            400,
            225
        ],
        "properties": "bottom_right"
    },
    "start_51887f0f": {
        "area": [
            400,
            360,
            400,
            225
        ],
        "properties": "bottom_right"
    },
    "start_5fdc1004": {
        "area": [
            960,
            810,
            560,
            225
        ],
        "properties": "top_left"
    },
    "start_736f09c1": {
        "area": [
            880,
            45,
            560,
            270
        ],
        "properties": "bottom_right"
    },
    "start_a3346d32": {
        "area": [
            320,
            810,
            320,
            180
        ],
        "properties": "top_left"
    },
    "start_b37e2839": {
        "area": [
            1200,
            405,
            560,
            225
        ],
        "properties": "bottom_left"
    },
    "start_efd7e80e": {
        "area": [
            1200,
            450,
            400,
            270
        ],
        "properties": "bottom_left"
    },
    "start_f4adb6a2": {
        "area": [
            1200,
            360,
            400,
            270
        ],
        "properties": "bottom_left"
    },
    "tree_c0e27e32": {
        "area": [
            1440,
            720,
            400,
            270
        ]
    },
    "two_660beae5": {
        "area": [
            160,
            765,
            480,
            225
        ]
    },
    "two_ae51d598": {
        "area": [
            720,
            90,
            400,
            180
        ],
        "properties": "bottom_left"
    },
    "two_d1b3ec8a": {
        "area": [
            160,
            225,
            640,
            315
        ],
        "properties": "bottom_right"
    }
}